url,coreness,degree
https://wikileaks.org/podesta-emails/emailid/15893,79,1414
https://twitter.com/wikileaks/status/794450623404113920,79,1156
http://www.mcclatchydc.com/news/politics-government/election/article112635048.html,79,1034
https://www.reddit.com/r/IAmA/comments/1jctbp/i_am_performance_artist_marina_abramovic_ask_me/cbdebyl/,79,1003
https://wikileaks.org/podesta-emails/,79,995
https://goo.gl/Mjbc5c,79,852
https://www.youtube.com/watch?v=9fat63bqvG8,79,842
http://www.vaskal.ca/podestafiles,79,785
http://dailycaller.com/2016/11/04/hillary-deleted-email-showing-she-forwarded-classified-information-to-her-daughter/,79,691
https://wikileaks.org/podesta-emails/emailid/43306,79,643
https://www.youtube.com/watch?v=9fat63bqvG8&feature=youtu.be,79,636
http://www.infowars.com/spirit-cooking-clinton-campaign-chairman-invited-to-bizarre-satanic-performance/,79,596
http://www.lifezette.com/polizette/wikileaks-top-clinton-aides-bemoan-campaign-tactics-no-vision/,79,498
http://dailycaller.com/2016/11/04/exclusive-poll-trump-clinton-tied-in-michigan/,79,495
http://ijr.com/wildfire/2016/11/729300-homeland-security-committee-chairman-takes-hillary-clintons-scandal-to-highest-level-its-treason/,79,462
http://www.lifezette.com/polizette/trump-surge-freakout-anti-trump-violence-growing-rapidly/,79,435
http://denverguardian.com/2016/11/05/fbi-agent-suspected-hillary-email-leaks-found-dead-apparent-murder-suicide/,79,409
http://observer.com/2016/11/dave-chappelle-defends-trump-rips-clinton-shes-not-right-and-we-all-know-it/,79,343
http://www.hindustantimes.com/us-presidential-election/wikileaks-impact-clinton-foundation-accepts-it-received-1mn-gift-from-qatar/story-mCmgXGpP0TDg0tVau6ewIJ.html,78,567
http://www.denverpost.com/2016/11/02/its-ignorant-to-vote-for-hillary-clinton-without-reading-wikileaks/,77,478
http://www.cnn.com/US/9606/22/hillary.book/,77,372
https://search.wikileaks.org/?q=%22austyn+crites%22,77,346
http://bit.ly/2fplsL1,77,288
http://buff.ly/2fL8T0V,75,330
http://truepundit.com/breaking-comey-mandates-all-fbi-agents-report-to-d-c-offices-prep-for-raids-arrests-in-clinton-probes/,75,309
http://www.desmoinesregister.com/story/news/politics/iowa-poll/2016/11/05/iowa-poll-trump-opens-7-point-lead-over-clinton/93347134/,75,303
http://politi.co/2etHMWl,74,431
http://read.ht/BNVG,74,416
http://fxn.ws/2fMDRFL,74,407
http://trib.al/AZDvFpV,74,386
http://read.bi/2fMWucw,74,368
https://wikileaks.org/podesta-emails/emailid/5252,74,301
http://bit.ly/2fcrOxM,74,288
http://www.infowars.com/bombshell-hillary-linked-to-child-rape-network-emails-suggest/,74,250
http://www.thegatewaypundit.com/2016/11/update-trump-campaign-preparing-lawsuit-broward-co-fl-sec-elections-brenda-snipes/,74,200
https://wikileaks.org/podesta-emails/emailid/49853,73,305
http://www.theamericanmirror.com/obama-talks-207-times-campaigning-hillary/,73,279
http://nypost.com/2016/11/06/clinton-directed-her-maid-to-print-out-classified-materials/,73,239
https://shar.es/1IvJiw,73,233
http://www.usnews.com/opinion/articles/2016-11-04/vote-donald-trump-to-get-rid-of-corruption-in-washington,73,233
http://dmreg.co/2ec3QG4,73,215
https://www.rt.com/usa/365539-podesta-emails-32-wikileaks/,73,205
http://trib.al/0YI9lDh,72,336
https://wikileaks.org/podesta-emails/emailid/49561,72,301
https://wikileaks.org/podesta-emails/emailid/15461,72,293
http://usalibertynews.com/breaking-la-times-reporter-fired-tweeting-wants-trump-dead/,72,285
http://www.orbooks.com/catalog/hillary-clinton-goldman-sachs-speeches/,72,280
https://shar.es/1IcpyW,72,246
http://CNNPolitics.com,72,245
http://www.thegatewaypundit.com/2016/11/begins-hillary-clinton-spirit-cooking-posters-pop-los-angeles/,72,242
http://www.thegatewaypundit.com/2016/11/update-trump-attacker-birddogging-hillary-mentioned-wikileaks/,72,216
http://www.breitbart.com/2016-presidential-race/2016/11/05/la-times-poll-donald-trump-leads-hillary-clinton-five-points/,72,210
http://bit.ly/2eb1qb5,72,183
https://twitter.com/wikileaks/status/795058826944933888,71,261
http://bit.ly/2fFUFiG,71,233
https://www.youtube.com/watch?v=qfL5KwUuvMc,70,229
http://www.businessinsider.com/jay-z-hillary-clinton-concert-2016-11,70,210
https://www.wikileaks.org/podesta-emails/emailid/6900,70,207
http://fortune.com/2016/11/06/donald-trump-best-candidate/,70,177
https://www.youtube.com/watch?v=KIKNSZ_Nf3w,70,144
https://wikileaks.org/podesta-emails/emailid/46882,69,301
http://go.shr.lc/2edhAjX,69,231
http://dailym.ai/2fp8iO1,69,196
http://www.breitbart.com/radio/2016/11/04/erik-prince-nypd-ready-make-arrests-weiner-case/,69,161
http://thehill.com/homenews/campaign/304392-trump-closing-strong,68,233
http://www.breitbart.com/video/2016/11/06/nate-silver-clinton-one-state-away-losing-electoral-college/,68,210
https://twitter.com/wikileaks/status/794729490039640064,68,179
https://m.youtube.com/watch?v=vST61W4bGm8&time_continue=3,68,164
http://www.washingtontimes.com/news/2016/nov/4/wikileaks-john-podesta-invited-to-spirit-dinner-ho/,67,157
http://bit.ly/2foXAa6,67,131
https://youtu.be/8PFDcsV02LM,66,266
http://politi.co/2flkWkK,66,199
https://youtu.be/-c1-6no4RIU,66,198
http://www.cnn.com/2016/11/03/politics/hillary-clinton-reality-check-9-11/index.html?sr=twCNN110316hillary-clinton-reality-check-9-110618PMStoryLink&linkId=30675075,66,172
https://shar.es/1Iu14i,66,167
https://wikileaks.org/podesta-emails//fileid/49561/13827,66,163
http://dailycaller.com/2016/11/05/wikileaks-clinton-charitys-lawyer-said-it-ran-like-a-political-operation/,66,158
https://twitter.com/IngrahamAngle/status/795013556055973888,66,143
https://wikileaks.org/podesta-emails/emailid/11381,65,184
http://www.infowars.com/bombshell-hillary-clintons-satanic-network-exposed/,65,176
http://fw.to/2ZDMbeL,65,170
https://wikileaks.org/podesta-emails/emailid/52046,65,150
https://news.vice.com/story/hillary-clinton-shows-some-candor-in-newly-released-emails,64,237
https://www.youtube.com/watch?v=4hmbArq1x6E,64,181
http://bit.ly/2eCRV2N,64,181
http://www.breitbart.com/2016-presidential-race/2016/11/04/trump-is-rocking-and-rolling-here/,64,156
https://conservativedailypost.com/breaking-fbi-confirms-evidence-of-huge-underground-clinton-sex-network/,64,156
http://buff.ly/2fsMIs2,64,156
http://dailym.ai/2fo7usS,64,155
https://twitter.com/AmericaG8Again/status/795088647053656064,64,129
http://youtu.be/WfkskS-unDo?a,63,220
http://www.infowars.com/hillary-regularly-attended-witchs-church-clinton-insider-claims/,63,159
https://wikileaks.org/podesta-emails/emailid/46134,63,150
https://shar.es/1IcqUZ,63,146
http://www.nationalreview.com/article/441573/hillary-clinton-corruption-foundation,63,139
http://truthfeed.com/archbishop-calls-clinton-a-scheming-robotic-liar-in-response-to-hillary-insulting-all-catholics/29431/,63,132
http://bit.ly/2eI45VK,63,129
http://truthfeed.com/new-bombshell-poll-whopping-83-percent-say-hillary-guilty-of-illegal-or-unethical-acts/34050/,63,93
https://wikileaks.org/podesta-emails/emailid/51300,62,185
http://fb.me/3MSJ7vcT5,62,162
http://bit.ly/2fLvHNP,62,161
https://foia.state.gov/searchapp/DOCUMENTS/Nov04_2016/F-2016-07895_1-6/DOC_0C06133863/C06133863.pdf,62,155
http://tinyurl.com/zovqzfn,62,149
https://goo.gl/zLrKRf,62,140
http://truepundit.com/hacked-road-sign-calls-clinton-a-b-says-vote-trump/,62,139
http://dailycaller.com/2016/11/03/dc-attorney-fbi-agents-working-to-expose-top-doj-officials/,62,139
http://www.thegatewaypundit.com/2016/11/breaking-trump-attacker-hillary-supporter-dead-grandma-voting-reno-address/,62,139
http://truthfeed.com/illegals-charge-their-ankle-monitors-at-a-hillary-clinton-campaign-office/33878/,62,127
https://twitter.com/LakersNBAEmpire/status/795226773697007616,62,125
https://shar.es/1IctTE,62,122
http://trib.al/ynBZ5JZ,61,251
http://drudge.tw/2eblv0X,61,174
http://trib.al/0X1HuGk,61,162
https://wikileaks.org/podesta-emails/emailid/45994,61,151
http://dailycaller.com/2016/11/05/leaked-transcript-bill-clinton-says-political-system-is-rigged-and-hillary-deserves-the-white-house/,61,142
http://graphics.latimes.com/usc-presidential-poll-dashboard/,61,126
http://www.dailymail.co.uk/news/article-3909514/Donald-Trump-rushed-away-Secret-Service-speaking-Reno-rally.html,61,123
http://cbsloc.al/2fhXe5m,61,122
https://twitter.com/search?f=tweets&vertical=default&q=wikileaks%20OR%20assange%20OR%20wltaskforce%20filter%3Averified&src=typd,60,207
http://dailym.ai/2fHkOwr,60,173
http://www.foxnews.com/opinion/2016/11/03/gregg-jarrett-avalanche-evidence-may-now-bury-hillary.html,60,150
https://www.instagram.com/p/BMaMw-TDTAO/,60,125
https://shar.es/1Iv44Z,60,105
http://www.breitbart.com/2016-presidential-race/2016/11/05/exclusive-sen-scott-brown-donald-trump-surging-new-hampshire/,60,103
http://drudge.tw/2eaaf4J,59,131
http://www.theamericanmirror.com/video-hillary-coughing-fit-returns-short-speech-fl-campaign-workers/,59,116
http://on.rt.com/7ty5,59,110
http://bit.ly/1E74PyS,59,105
http://www.thegatewaypundit.com/2016/11/trump-surging-hits-48-la-times-poll-leads-hillary-5-4-points-40-latino-vote/,59,96
http://thr.cm/dT53Mx,58,169
https://twitter.com/jasoninthehouse/status/795358997083586560,58,134
http://www.newsmax.com/Headline/dnc-bugged-offices-fbi/2016/11/05/id/757239/,58,113
https://wikileaks.org/podesta-emails/emailid/38595,58,113
https://wikileaks.org/podesta-emails/emailid/48328,58,106
http://www.breitbart.com/big-government/2016/11/05/trump-gains-african-american-support/,57,142
http://truthfeed.com/breaking-trump-surges-to-all-time-high-with-hispanics/34069/,57,106
https://wikileaks.org/podesta-emails/emailid/51338,57,98
http://www.breitbart.com/video/2016/11/05/watch-live-donald-trump-rally-reno-nv-2/,57,97
http://www.nbcnewyork.com/news/national-international/Trump-Pence-to-Campaign-in-Traditionally-Blue-Minnesota-400119781.html,57,96
http://truthfeed.com/bombshell-wikileaks-exposes-hillarys-deep-seeded-dark-anger-issues/34081/,57,96
https://www.reddit.com/r/The_Donald/comments/5aupnh/breaking_i_believe_i_have_connected_a_convicted/,56,177
http://politi.co/2fnPr7H,56,122
http://www.breitbart.com/2016-presidential-race/2016/11/04/bill-clinton-sexist-guys-wont-vote-for-hillary-just-because-she-is-a-woman/,56,117
http://www.breitbart.com/big-government/2016/11/04/exclusive-breitbartgravis-new-hampshire-poll-trump-takes-lead-granite-state/,56,106
http://dailycaller.com/2016/11/05/wikileaks-hillary-ally-warned-she-dems-could-be-destroyed-by-corruption/,56,106
http://www.politico.com/story/2016/11/hillary-clinton-emails-released-election-230750,56,105
http://www.theamericanmirror.com/obama-snaps-hillary-crowd-everybody-sit-quiet/,56,96
http://www.thegatewaypundit.com/2016/11/boom-trump-heading-minnesota-final-campaign-weekend-hes-expanding-map-video/,56,79
https://wikileaks.org/podesta-emails/emailid/43312,55,122
http://www.allenbwest.com/michaelcantrell/just-state-dept-releases-new-hillary-emails-one-immediately-draws-attention,55,107
http://www.foxnews.com/us/2016/11/05/fbi-leads-search-for-east-texas-girl-10-who-may-have-been-abducted.html,55,107
http://www.foxnews.com/politics/2016/11/06/clinton-aide-targets-chelsea-in-email-as-foundation-audit-shows-issues.html,55,105
http://www.breitbart.com/2016-presidential-race/2016/11/03/email-hillary-clinton-asked-anthony-weiner-help-deliver-secure-cell-phone/,55,98
http://projectveritasaction.com/video/undercover-video-exposes-early-clinton-email-witness-who-was-never-interviewed-fbi,55,95
http://truthfeed.com/breaking-trump-takes-nearly-6-point-national-lead/34273/,55,94
http://truthfeed.com/video-bernie-supporter-hijacks-hillary-crowd-and-tells-them-not-to-vote-for-her/34110/,55,90
http://www.hollywoodreporter.com/rambling-reporter/election-night-2016-party-panic-943205,54,153
http://www.youngcons.com/clinton-foundation-doctored-memo-to-cover-distributing-watered-down-aids-medicine-in-africa/,54,116
https://twitter.com/sapiosteele/status/795304781900345344,54,94
http://buff.ly/2fcRKtm,54,92
http://jwatch.us/3DzqKF,54,91
http://www.newdailypolitics.com/2016/11/04/susan-sarandon-clinton-danger-not-trump/,54,90
https://foia.state.gov/Search/Results.aspx?collection=Nov03_2016,53,213
http://lat.ms/2fjrTmf,53,152
http://www.realclearpolitics.com/video/2016/11/05/trump_gives_gop_weekly_address_its_time_to_close_the_history_books_on_the_clintons.html,53,106
https://shar.es/1IvCzf,53,90
https://blog.returnpath.com/how-to-explain-dkim-in-plain-english-2/,52,125
https://www.wikileaks.org/DKIM-Verification.html,52,125
http://bit.ly/2fuXaiz,52,113
http://usat.ly/2frYhkN,52,94
http://dailycaller.com/2016/11/05/trump-surging-in-national-polls-clinton-drops-below-270-in-cnns-electoral-map/,51,99
https://wikileaks.org/podesta-emails/emailid/46941,51,96
http://www.dailymail.co.uk/news/article-3901376/Secret-recordings-fueled-FBI-s-desire-probe-Clinton-Foundation-case-moves-likely-indictment.html,51,94
https://shar.es/1IceEg,51,91
http://www.thegatewaypundit.com/2016/11/donald-trump-takes-nearly-6-point-lead-crookedhillary-latest-la-times-poll/,51,90
http://www.breitbart.com/2016-presidential-race/2016/11/04/donald-trump-launches-two-minute-4-million-dollar-ad-buy/,51,85
http://www.breitbart.com/big-hollywood/2016/11/05/trump-slams-jay-zs-n-word-f-bomb-laced-language-hillary-clinton-concert/,51,83
http://www.breitbart.com/2016-presidential-race/2016/11/04/exclusive-gov-mike-huckabee-trump-will-win-americas-institutions-failed-miserably/,51,77
http://www.realclearpolitics.com/video/2016/11/04/parents_of_pro-trump_son_riley_rone_killed_rally_vote_for_trump_honor.html,51,74
https://twitter.com/wikileaks/status/794990684029812736,51,72
http://www.businessinsider.com/donald-trump-closing-argument-ad-2016-11,50,97
https://twitter.com/zekejmiller/status/795374408776957954,50,88
http://wearechange.org/hidden-cam-fbi-botched-first-clinton-investigation-trust-now/,50,84
http://www.wbur.org/politicker/2016/11/03/trump-clinton-new-hampshire,50,82
http://ti.me/2f4Od2s,50,79
http://www.breitbart.com/2016-presidential-race/2016/11/06/rnc-fbi-continues-investigate-clinton-foundation/,49,94
http://www.washingtontimes.com/news/2016/nov/4/two-more-clinton-classified-emails-discovered-fbi/,49,88
http://fxn.ws/2fIDdsM,49,88
http://truepundit.com/breaking-bombs,49,71
http://ow.ly/NL2A305ToGx,49,68
http://www.youtube.com/watch?v=vST61W4bGm8&sns=tw,49,67
https://wikileaks.org/podesta-emails/emailid/48488,48,107
https://twitter.com/FacMagnaAmerica/status/795125851545337856,48,91
https://wikileaks.org/podesta-emails/emailid/46229,48,88
https://twitter.com/wikileaks/status/794637004302614528,48,88
https://twitter.com/NuoleParantaja/status/795259221239533568,48,81
http://jacksonville.com/opinion/2016-11-04/editorial-trump-change-agent-america-needs,48,79
http://www.zerohedge.com/news/2016-11-04/market-indicator-gives-trump-86-chance-winning-election,48,79
http://www.politico.com/story/2016/11/clinton-trump-2016-polls-what-if-wrong-230712,48,74
http://www.tampabay.com/news/politics/stateroundup/donald-trump-back-in-tampa-today-with-florida-race-still-tight/2301593,48,61
http://www.breitbart.com/2016-presidential-race/2016/11/05/clinton-foundation-confirms-hillary-not-disclose-1-million-gift-qatar-feds/,48,57
https://twitter.com/brianefallon/status/795359756571574273,47,103
https://wikileaks.org/podesta-emails/emailid/10052,47,89
https://www.conservativeoutfitters.com/blogs/news/wikileaks-john-podestas-satanic-dinner-warning-graphic-content,47,83
http://drudge.tw/2ecX1nU,47,79
http://truthfeed.com/breaking-hillary-clinton-had-her-maid-print-classified-information/34230/,47,75
http://www.breitbart.com/big-hollywood/2016/11/05/dave-chappelle-slams-clinton-defends-most-gangsta-candidate-ever-donald-trump/,47,70
http://www.mediaite.com/online/limbaugh-fbi-rekindled-email-investigation-just-to-distract-attention-from-wikileaks/,46,100
https://wikileaks.org/gifiles/docs/12/1223066_re-get-ready-for-chicago-hot-dog-friday-.html,46,89
https://twitter.com/wikileaks/status/795124414182555652,46,79
http://dailym.ai/2fN1nlQ,46,77
https://twitter.com/wikileaks/status/794473977162924032,46,72
http://www.thegatewaypundit.com/2016/11/2016-election-tgp-prediction-trump-wins-by-landslide/,46,61
https://wikileaks.org/podesta-emails/emailid/44689,45,90
https://wikileaks.org/podesta-emails/emailid/51025,45,77
http://www.zerohedge.com/news/2016-11-05/wikileaks-releases-part-31-podesta-emails-total-now-50408,45,76
http://www.businessinsider.com/clinton-wikileaks-jennifer-palmieri-whopper-emails-2016-11,45,71
https://www.donaldjtrump.com/press-releases/donald-j.-trump-statement13,45,69
http://truthfeed.com/breaking-hoax-rape-lawsuit-against-trump-is-dropped/33973/,45,69
http://www.dailywire.com/news/10505/unreported-weirdness-hillary-clinton-ben-shapiro?utm_source=twitter&utm_medium=social&utm_content=news&utm_campaign=twitterbenshapiro,45,67
http://www.orlandosentinel.com/news/politics/political-pulse/os-former-texas-governor-stumps-for-trump-in-orlando-20161104-story.html,45,64
http://thefederalistpapers.org/?p=100260,45,62
https://twitter.com/JasonMillerinDC/status/795236246662610944,45,59
http://www.infowars.com/flashback-hillary-labeled-high-priest-goddess-of-occult-in-guccifer-letter/,44,83
http://news.sky.com/story/trump-team-gun-scare-protester-was-a-democratic-plant-10648098,44,82
https://www.donaldjtrump.com/press-releases/ice-union-statement-in-support-of-trumps-immigration-plan,44,73
http://wp.me/p78T3s-iq,44,71
http://www.washingtonexaminer.com/trump-delivers-gop-address-we-need-change-so-badly/article/2606553,44,61
http://wearechange.org/hillary-clinton-speaks-dead-therapeutic-release/,44,61
http://www.cbsnews.com/news/fbi-finds-emails-related-to-hillary-clintons-state-department-tenure/,43,126
http://www.usatoday.com/story/news/politics/elections/2016/11/06/donald-trump-closing-argument-clinton/93369524/,43,62
http://truthfeed.com/must-watch-video-trumps-closing-message-to-america/33968/,43,58
http://ow.ly/JfId305PshS,43,56
http://www.allenbwest.com/michaelcantrell/whoa-wikileaks-blows-cover-off-corrupt-link-doj-clinton-camp,42,66
https://wikileaks.org/podesta-emails/emailid/50543,42,66
http://bloom.bg/2ejJExk,42,64
http://www.huffingtonpost.com/casar-vargas/why-i-can-no-longer-suppo_1_b_12698874.html?ncid=engmodushpmg00000004,42,62
http://www.dangerandplay.com/2016/10/17/violence-against-trump-supporters-by-hillary-clinton/,42,59
http://read.bi/2emK7Px,42,58
https://www.periscope.tv/w/auuT1DFNV0t3ZEJkb01NamJ8MW1yeG1BTmtQWW54ed1uoEJP_SI6egIHZ8DUWj5ziMmcncUJTpz3yaoCJz47,42,54
https://wikileaks.org/podesta-emails/emailid/46234,42,52
http://www.youngcons.com/columbia-university-made-me-vote-for-donald-trump-by-benjamin-sweetwood/,42,48
http://www.inquisitr.com/3672706/hillary-clinton-email-investigation-nypd-source-says-clintons-involved-in-sex-slavery-child-sex-crimes-child-exploitation-and-more/,41,68
http://drudge.tw/2eLQr43,41,63
http://www.dangerandplay.com/2016/05/25/brad-thor-and-glenn-beck-advocate-assassination-of-trump/,41,63
http://www.investors.com/politics/ibd-tipp-presidential-election-poll/,41,56
http://www.detroitnews.com/story/news/politics/2016/11/04/eric-trump-gop-nominee-dad-will-protect-gun-rights/93307814/,41,56
http://nbcnews.to/2fLYzFP,41,54
https://twitter.com/wikileaks/status/795251893471768576,41,54
http://bit.ly/2fFSf3v,41,52
http://www.washingtonexaminer.com/wikileaks-bill-clinton-had-real-serious-conflicts-with-foundation-work/article/2606470,41,50
https://www.theguardian.com/us-news/2016/nov/03/fbi-leaks-hillary-clinton-james-comey-donald-trump,40,65
http://www.breitbart.com/2016-presidential-race/2016/11/05/donald-trump-were-winning-all-over-the-place-theyre-going-crazy/,40,61
http://m.huffpost.com/us/entry/12698874?ncid=engmodushpmg00000004,40,60
http://dailycaller.com/2016/11/05/wikileaks-clinton-had-new-intern-problems-10-years-after-monica-lewinsky/?utm_campaign=atdailycaller&utm_source=Twitter&utm_medium=Social,40,56
http://DCWhispers.com,40,56
http://mobile.wnd.com/2016/10/new-email-leak-hillary-hates-everyday-americans/,40,54
http://nypost.com/2016/11/04/hillary-clintons-big-ideas-for-tanking-the-us-economy/,40,52
http://politi.co/2fmaMgi,39,74
http://insider.foxnews.com/2016/11/03/rudy-giuliani-hillary-clinton-president-obama-have-corrupted-state-justice-departments,39,71
http://theartnewspaper.com/news/artists-raise-millions-for-hillary-clinton/,39,56
http://fxn.ws/2fMFdQI,39,56
http://heatst.com/politics/presidential-pollsters-political-contributions-heavily-for-hillary-clinton/,39,55
http://dailycaller.com/2016/10/29/dc-attorney-fbi-never-destroyed-laptops-of-clinton-aides/,39,54
https://www.youtube.com/watch?v=_sbT3_9dJY4,39,51
http://www.breitbart.com/2016-presidential-race/2016/11/05/trump-rushed-offstage-secret-service-nevada/,38,70
https://wikileaks.org/podesta-emails/emailid/51013,38,66
http://drudge.tw/2e9J89U,38,66
http://dailycaller.com/2016/11/04/podesta-pal-hillary-insincere-politician-going-to-church-when-her-poll-numbers-are-down/,38,58
http://magafeed.com/wikileaks-emails-uncover-john-podestas-sick-twisted-spirit-dinners/,38,57
http://www.businessinsider.com/michigan-polls-hillary-clinton-trump-obama-2016-11,38,54
http://www.thegatewaypundit.com/2016/11/bombshell-hacked-hillary-emails-reveal-knowingly-delayed-benghazi-rescue/,38,53
https://twitter.com/hillaryclinton/status/795098968061526016,38,49
http://drudge.tw/2eKlpth,38,47
http://www.dickmorris.com/trump-ahead-tied-284-electoral-votes-14-needs/,38,43
https://wikileaks.org/podesta-emails/emailid/45962,37,67
http://twitchy.com/dougp-3137/2016/11/02/ka-boom-martha-maccallum-destroys-team-hillary-spin-about-wikileaks-emails/,37,60
https://twitter.com/newtgingrich/status/795369286135140354,37,58
http://www.thegatewaypundit.com/2016/11/breaking-polls-trump-8-ohio-16-florida/,37,55
http://cnn.it/2fpHDC5,37,52
http://www.infowars.com/explicit-hillary-praises-vulgar-jay-z-at-rally/,37,51
https://twitter.com/jackposobiec/status/795071353489686528,37,48
http://gazette.com/ben-carson-in-colorado-springs-rally-says-voters-have-common-sense-and-will-vote-trump/article/1589449,37,47
http://wearechange.org/fbi-clinton-neglect/,37,46
https://ricochet.com/385888/an-open-letter-to-the-nevertrumpers-from-a-sympathizer/,37,41
https://shar.es/1I7sw6,36,56
http://buff.ly/2fn4HAb,36,55
http://www.breitbart.com/big-government/2016/11/05/james-okeefe-video-shows-weakness-in-james-comeys-fbi-clinton-email-investigation/,36,54
http://fb.me/2Zk5DKDr2,36,53
http://go.shr.lc/2ef9O7E,36,53
http://www.breitbart.com/big-government/2016/11/04/black-leader-endorses-donald-trump-democrats-ask-us-for-everything-give-nothing-back/,36,51
http://mobile.nytimes.com/1996/06/25/us/performing-seances-no-just-pushing-the-membrane-of-the-possible.html,36,48
https://www.washingtonpost.com/news/the-fix/wp/2016/11/04/dont-look-now-the-electoral-map-is-definitely-moving-in-donald-trumps-direction/,36,47
https://twitter.com/wikileaks/status/794527834073075712,36,45
http://nypost.com/2016/11/03/endless-scandal-is-a-given-if-hillary-wins-the-white-house/,36,44
http://www.thegatewaypundit.com/2016/11/louis-farrakhan-hillary-clinton-thats-wicked-woman-spiritcooking-video/,36,43
https://goo.gl/CGh4CW,36,43
https://wikileaks.org/gifiles/,36,43
http://read.bi/2es2imL,35,51
https://twitter.com/mediaite/status/795309075194146816,35,49
https://twitter.com/paullewis/status/795094200064753664,35,48
http://trib.al/x1oCm6Q,35,48
http://www.breitbart.com/big-government/2016/11/04/windows-walls-trump-campaign-offices-denver-defaced/,35,45
https://twitter.com/wdfx2eu8/status/795118523987030016,35,45
https://www.google.com/amp/s/www.washingtonpost.com/amphtml/news/the-fix/wp/2016/11/03/donald-trump-has-never-been-closer-to-the-presidency-than-he-is-at-this-moment/?client=safari,35,41
http://nbc4i.com/2016/10/28/fbi-rescues-82-children-in-nationwide-sex-trafficking-sting/,35,39
http://wpo.st/clKC2,34,59
https://shar.es/1IuwZU,34,51
https://twitter.com/wikileaks/status/794889925384663041,34,50
https://www.reddit.com/r/The_Donald/comments/5b6f7s/holy_shit_guys_i_just_proved_how_they_rigged_the/,34,44
http://dailycaller.com/2016/10/31/wikileaks-heres-how-the-clintons-free-private-jet-scam-works/,34,40
https://theconservativetreehouse.com/2016/11/05/wikileaks-releases-batch-31-john-podesta-emails/,34,40
http://buff.ly/2e9hjOX,34,39
http://drudge.tw/2eJpBcD,33,58
http://nyp.st/2fqghOH,33,55
http://www.allenbwest.com/michaelcantrell/new-wikileaks-revelation-yet-another-reason-hillary-behind-bars,33,44
http://drudge.tw/2eGAoEz,33,43
https://youtu.be/8Exs6PAkJ7k,33,43
http://drudge.tw/2ebhDwY,33,42
http://www.wnd.com/2016/11/catching-up-on-the-last-24-hours-of-hillarygate/,33,41
http://ln.is/dailycaller.com/2016/nHAav,33,40
https://goo.gl/xasWru,33,40
http://trib.al/hEHdEGE,33,39
https://twitter.com/wikileaks/status/794756750926876672,33,38
http://www.thegatewaypundit.com/2016/11/wow-hillarys-friday-speech-seen-126-live-viewers-trumps-garners-15000/,33,36
http://buff.ly/2fqlOme,33,36
http://dailym.ai/2fvlukn,32,61
http://thehill.com/blogs/ballot-box/presidential-races/304528-trump-rushed-off-stage-at-nevada-rally,32,45
http://www.cbsnews.com/news/fbi-finds-emails-related-to-hillary-clintons-state-department-tenure,32,44
https://youtu.be/KIKNSZ_Nf3w,32,42
http://fb.me/7EkJDcuYK,32,42
http://insider.foxnews.com/2016/11/04/huckabees-prediction-trump-will-win-it-wont-be-close-people-think,32,41
http://truthfeed.com/breaking-new-bombshell-evidence-exposes-hillary-pays-domestic-terrorists-to-incite-violence/30198/,32,41
https://www.donaldjtrump.com/press-releases/former-nyc-mayor-rudy-giuliani-stumps-for-trump-in-colorado,32,40
http://bit.ly/2ekRNoJ,32,37
http://www.nationalenquirer.com/photos/hillary-clinton-wikileaks-devil-worship-satan-scandal/,32,37
http://observer.com/2016/11/wikileaks-clintons-sell-political-favors-to-clinton-foundation-donors/,31,57
https://www.wikileaks.org/podesta-emails/emailid/52873,31,52
https://twitter.com/WDFx2EU7/status/794526327596400640,31,45
http://www.infowars.com/the-fall-of-hillary-has-begun/,31,42
http://trib.al/0vsFoVk,31,42
https://wikileaks.org/podesta-emails/emailid/4637,31,42
https://twitter.com/jtsantucci/status/794697273443815424,31,41
https://goo.gl/jfHbno,31,41
http://fxn.ws/2fP7pCL,31,40
http://www.libertywritersnews.com/2016/11/blood-on-her-hands-hillarys-benghazi-emails-are-here-look-whats-in-them/?utm_campaign=shareaholic&utm_medium=twitter&utm_source=socialnetwork,31,39
http://drudge.tw/2eHRi5S,31,37
http://truthfeed.com/occult-expert-breaks-down-wikileaks-exposed-clinton-campaign-satanism/33985/,31,37
http://www.thegatewaypundit.com/2016/11/expanding-map-trump-hits-5-blue-states-sunday-ia-mn-mi-pa-va/,31,36
http://www.breitbart.com/2016-presidential-race/2016/11/05/bernie-sanders-supporter-bashes-hillary-clinton-stage/,31,33
https://twitter.com/wikileaks/status/794455959133298688,30,49
https://www.youtube.com/watch?v=CTnEd_Gz5H8,30,43
http://gotnews.com/breaking-ex-apprentice-summerzervos-paid-500000-gloriaallred-accuse-trump-deal-went-others/,30,42
https://www.rt.com/news/365404-assange-pilger-clinton-fbi/,30,42
https://twitter.com/bosnerdley/status/795339990469345280,30,39
https://wikileaks.org/podesta-emails/emailid/3099,30,39
http://bit.ly/2eJiHUK,30,38
https://twitter.com/washingtonpost/status/795345665568153600,30,38
http://silenceisconsent.net/explosive-proof-hillary-tied-to-child-trafficker-laura-silsby,30,37
http://noconow.co/2esQe7X,30,37
http://washex.am/2fm7oC7,30,36
http://hill.cm/5OLhE3n,30,36
http://www.dangerandplay.com/2016/09/12/mike-cernovich-hillarys-health-timeline/,30,35
http://www.breitbart.com/big-government/2016/11/05/exclusive-american-comeback-story-watch-unbelievable-story-trump-changed-boxer-campudonis-life/,30,34
http://drudge.tw/2eJWvKe,30,34
https://wikileaks.org/podesta-emails/emailid/49547,29,40
https://tobefree.wordpress.com/2015/06/24/video-larry-nichols-hillary-clinton-a-satanist-while-first-lady-she-attended-a-church-for-witches-and-worshiped-satan/,29,37
http://abcn.ws/2ezhVMt,29,37
https://twitter.com/cdubhulksmash/status/763567126879801344,29,36
http://www.nashuatelegraph.com/opinion/perspectives/1087032-474/donald-trumps-contract-with-the-american-voter.html,29,36
http://mobile.wnd.com/2016/11/source-fbi-has-evidence-hillary-visited-orgy-island/,29,34
http://gop.cm/gPgTUo,29,33
http://trib.al/UjzajLG,28,43
http://nbc4i.com/2016/10/28/fbi,28,39
http://lat.ms/2aG6I90,28,36
https://vine.co/v/5jWhWMtdQOd,28,35
https://www.youtube.com/watch?v=42NIVBxr_GU,28,35
http://buff.ly/2fpVg4y,28,35
http://fas.st/_mwrC,28,34
http://www.reuters.com/article/us-usa-election-poll-idUSKBN12Z009,28,34
http://truthfeed.com/video-democrat-reacts-to-comey-letting-hillary-off-again-im-crossing-party-lines-and-voting-trump/34302/,28,32
http://www.breitbart.com/video/2016/11/05/trump-time-to-close-the-history-books-on-the-clintons/,28,32
http://www.allenbwest.com/matt-palumbo/wikileaks-reveals-unquestionably-illegal-act,28,31
http://www.nytimes.com/2016/07/25/world/americas/panama-papers-reveal-wide-use-of-shell-companies-by-african-officials.html?_r=0,28,31
http://drudge.tw/2e9qpLD,28,30
https://twitter.com/jmpalmieri/status/795264366547533824,27,45
http://drudge.tw/2ecXeYh,27,40
http://fxn.ws/2f0Q5td,27,39
https://goo.gl/q9mz0l,27,39
http://ln.is/truepundit.com/errE7,27,36
http://truthfeed.com/wikileaks-bombshell-chelseas-husband-used-the-clinton-foundation-to-fund-his-business/34263/,27,34
https://twitter.com/M_EvansOKC/status/794738614072643584,27,34
http://jwatch.us/GHRNAK,27,33
https://www.periscope.tv/w/au06WjE0MDc0NTN8MURYeHlvck5SWmtHTUodCR71tkld0R3r7IUcBPf6I_0nGeszlO38r7aohOEf,27,33
http://www.dailymail.co.uk/news/article-3910766/We-ve-got-hands-Congressman-says-Republican-lawmakers-set-Anthony-Weiner-s-650-000-emails.html,27,33
https://twitter.com/charlesornstein/status/794931405583159299,27,33
https://twitter.com/turkeyuntold/status/794643782486593536,27,32
https://wikileaks.org/podesta-emails/emailid/46059,27,30
https://twitter.com/hotlinejosh/status/795058824315097090,27,29
https://twitter.com/olivianuzzi/status/795076412931764224,26,37
http://www.infowars.com/a-hillary-clinton-indictment-is-coming/,26,37
http://insider.foxnews.com/2016/11/06/hillary-clinton-dc-housekeeper-marina-santos-handle-classified-documents-fax-washington,26,34
http://drudge.tw/2eLUCwG,26,34
http://drudge.tw/2ebiwpa,26,34
http://www.thegatewaypundit.com/2016/11/wikileaks-hillary-staffers-joke-crack-cocaine-speech-black-voters/,26,33
http://drudge.tw/2ecW7Yw,26,33
https://wikileaks.org/podesta-emails/emailid/39999,26,33
http://washex.am/2fR9Rsh,26,33
https://twitter.com/darren32895836/status/795321016041885696,26,32
http://bit.ly/2evhSkJ,26,32
http://drudge.tw/2ebY5bz,26,31
http://dailycaller.com/2016/10/18/activist-who-took-credit-for-violent-chicago-protests-was-on-hillarys-payroll/,26,31
https://www.theguardian.com/us-news/2016/nov/06/trump-campaign-clinton-panic-losing-blue-states?CMP=share_btn_tw,26,30
https://twitter.com/jxdama/status/794880247309144064,26,30
https://twitter.com/cernovich/status/795070292364144640,26,30
https://wikileaks.org/podesta-emails/emailid/46335,26,30
http://trib.al/zo01Or4,26,29
https://wikileaks.org/podesta-emails/emailid/45566,25,39
http://www.infowars.com/wikileaks-reveals-satanic-rituals-used-by-white-house-chiefs/,25,38
http://noconow.co/2eZwZU9,25,35
http://drudge.tw/2eaZuz6,25,32
https://twitter.com/syd_viciously/status/795372811619401728,25,32
https://wikileaks.org/podesta-emails/emailid/46113,25,30
http://trib.al/xtwWqFl,25,30
http://dailycaller.com/2016/11/06/wikileaks-john-harwood-asked-podesta-what-he-should-ask-jeb-during-interview/,25,30
https://twitter.com/johnpodesta/status/786988264985100288,25,30
http://cbsn.ws/2eAAwYF,25,28
http://truthfeed.com/breaking-trump-hits-all-time-high-in-la-times-tracking-poll/34062/,25,27
http://www.thegatewaypundit.com/2016/11/sad-iowa-vendors-says-bernie-swag-still-sells-better-hillary-swag/,25,26
http://www.desmoinesregister.com/story/news/politics/iowa-poll/2016/11/05/iowa-poll-trump-opens-7-point-lead-over-clinton/93347134/?hootPostID=244ad51ae6af519614281eb8c6904b90,25,26
http://bit.ly/2fRbHJI,25,26
http://www.thepoliticalinsider.com/hillary-clinton-email-10-punished-less/,24,33
http://drudge.tw/2eItDlP,24,32
https://wikileaks.org/podesta-emails/emailid/50925,24,31
https://www.periscope.tv/w/au5OfzE0MDc0NTN8MVBsS1FrQWd2Tm5KRbHqNhOPdlC_o6Pe-AlRQuUCt0V5RCUPjm2vj9m9TM00,24,31
https://www.linkedin.com/in/acrites,24,30
http://dailym.ai/2fHYWBi,24,29
https://twitter.com/realDonaldTrump/status/741760911044685824,24,29
https://www.instagram.com/p/BMbkxlyhSpy/,24,28
http://www.mrctv.org/blog/video-shows-holes-clinton-email-investigation-fbi,24,27
https://www.rt.com/usa/365382-wikileaks-emails-podesta-friday/,24,27
http://trib.al/e4xEbmz,24,26
http://hill.cm/Ovdbzv5,24,26
http://www.thegatewaypundit.com/2016/11/sick-joke-hillary-tweets-respecting-law-week-comes-fbi-investigation/,24,26
http://trib.al/haGhBzn,24,26
https://twitter.com/ten_gop/status/794274016672391168,24,26
https://shar.es/1IssK9,24,25
https://twitter.com/ppollingnumbers/status/795289673384005632,24,24
https://twitter.com/bradTmusic/status/794968115314561024,24,24
http://www.infowars.com/flashback-occultic-hillary-summons-the-dead-refuses-to-speak-to-christ/,23,35
https://www.washingtonpost.com/politics/fbi-director-comey-says-agency-wont-recommend-charges-over-clinton-email/2016/11/06/f6276b18-a45e-11e6-ba59-a7d93165c6d4_story.html,23,32
https://youtu.be/WLAe3UeddUI,23,32
https://wikileaks.org/podesta-emails/emailid/44961,23,31
https://shar.es/1IsGv9,23,31
http://fb.me/172Imq3G4,23,28
http://www.breitbart.com/big-government/2016/11/06/hillary-clinton-used-maid-print-classified-materials/,23,28
http://www.lifezette.com/polizette/wikileaks-podesta-practices-occult-magic/,23,27
http://AltRighty.com,23,27
http://bit.ly/2foQdDi,23,26
http://www.zerohedge.com/news/2016-11-05/leaked-email-exposes-hillarys-campaign-paying-bill-clintons-legal-fees,23,25
http://bit.ly/2ep0CKE,23,25
http://www.kcci.com/article/new-poll-shows-donald-trump-extends-lead-over-hillary-clinton/8250677,23,25
http://www.reuters.com/article/us-usa-election-foundation-idUSKBN12Z2SL,23,25
http://jacksonville.com,23,24
http://www.infowars.com/roger-stone-hillary-to-lose-election-may-stage-false-flag/,23,24
https://twitter.com/breitbartnews/status/794917618494963712,23,23
http://trib.al/jfpysKg,23,23
http://buff.ly/2ezsPSu,22,28
http://fxn.ws/2fiF3O4,22,28
https://twitter.com/RiggedDebate/status/794696943746355200,22,28
http://buff.ly/2frd1Td,22,28
https://wikileaks.org/gifiles/docs/24/246912_re-additional-order-.html,22,28
https://twitter.com/Darren32895836/status/794961935343108096,22,27
https://twitter.com/PpollingNumbers/status/795289419771158528,22,27
http://youtu.be/oSKAcDEMI6k,22,26
http://fxn.ws/2eEFNfo,22,26
http://thehill.com/blogs/blog-briefing-room/news/304294-poll-trump-gains-ground-on-clinton,22,25
http://www.breitbart.com/2016-presidential-race/2016/11/05/poll-83-percent-say-hillary-clinton-guilty-illegal-unethical-acts/,22,25
https://goo.gl/L3xCV1,22,25
http://ln.is/newdailypolitics.com/E7E2Z,22,24
http://archive.is/EtK7O,22,24
http://trib.al/IOO3hGa,22,24
https://wikileaks.org/podesta-emails/emailid/29931,22,24
https://twitter.com/LegalForTrump/status/795333133268877312,22,24
http://trib.al/tiCUF6t,22,23
http://drudge.tw/2eI8d82,22,23
http://read.bi/2ed2awh,22,22
http://www.lifezette.com/polizette/wikileaks-podesta-practices-occult-magic/?utm_content=buffer05465&utm_medium=social&utm_source=twitter.com&utm_campaign=buffer,22,22
http://fxn.ws/2fIwRdM,21,42
http://buff.ly/2eiFXbh,21,27
http://www.inquisitr.com/3680558/new-wikileaks-emails-suggest-bernie-sanders-was-leveraged-into-endorsing-clinton/,21,26
http://trib.al/Fasvcqa,21,25
http://drudge.tw/2eadeKo,21,25
http://ln.is/truthfeed.com/hillar/dvl2z,21,25
http://ln.is/truthfeed.com/breaki/3eKbX,21,25
http://buff.ly/2eC6oMi,21,24
https://shar.es/1IcLhO,21,24
https://www.periscope.tv/w/auzuhjFQbUVxWE5vWkRPam98MWVhS2JsUG1FWXZKWA66ceGl-A1ueidmU24cIOStCwS4FXkjl8jTx_bwF_ep,21,23
https://www.washingtonpost.com/news/the-fix/wp/2016/11/03/donald-trump-has-never-been-closer-to-the-presidency-than-he-is-at-this-moment/,21,23
http://NYTimes.com,21,23
http://twitchy.com/samj-3930/2016/11/06/wtf-hillary-clinton-directed-her-maid-yes-her-maid-to-print-out-classified-materials/,21,22
https://wikileaks.org/podesta-emails/emailid/46199,21,22
http://bit.ly/2edgstc,21,22
http://cnn.it/1zadgl0,21,22
http://www.angrypatriotmovement.com/church-move-for-trump/,21,22
http://drudge.tw/2ec5ibG,21,22
http://ln.is/denverguardian.com/2/SQFiE,21,22
http://truthfeed.com/the-greatest-global-trump-ad-deplorables-unite-do-you-hear-the-people-sing/25286/,21,22
http://bit.ly/2fnbH15,21,21
https://twitter.com/CelesteMontoy19/status/794522577968447489,21,21
http://drudge.tw/2edBJ9M,20,33
https://m.youtube.com/watch?v=QNw1HES2uBM,20,26
https://twitter.com/HillaryClinton/status/794271653635227653,20,26
https://vine.co/v/eFXtLgeUraB,20,26
http://www.allenbwest.com/analytical-economist/yikes-wikileaks-founder-drops-explosive-new-claim-hillary-isis,20,25
http://www.theblaze.com/news/2016/11/06/gingrich-fbi-director-comey-caved-to-political-pressure-by-not-charging-clinton/,20,25
http://dailym.ai/2fPoDzP,20,25
https://www.periscope.tv/w/auOopjEzNzAwNjV8MXZBR1JYelhNUE54bAoCnpeOTpmdQ0D7nGrbhusa6Gb4bsIlA-cpVu2146qm,20,24
https://goo.gl/pl3UeE,20,23
https://www.rt.com/usa/365431-podesta-31-wikileaks/,20,23
http://bit.ly/2eK8ho7,20,23
http://buff.ly/2fhOZr0,20,23
http://www.ibtimes.com/clinton-foundation-donors-got-weapons-deals-hillary-clintons-state-department-1934187,20,22
http://drudge.tw/2ebdrgJ,20,22
https://twitter.com/jason_howerton/status/793852727075811329,20,22
http://ln.is/truthfeed.com/breaki/INFN7,20,21
http://washex.am/2fPbGpA,20,21
http://ln.is/nypost.com/2016/11/0/OrUlO,20,21
https://youtu.be/VsQeR1HlhHY,20,21
https://twitter.com/thehill/status/795095128595726340,20,20
http://ln.is/truthfeed.com/video-/woQEv,20,20
https://twitter.com/mtracey/status/794941732127473664,20,20
https://wikileaks.org/podesta-emails/emailid/48627,19,25
http://trib.al/YNg4nSK,19,24
http://buff.ly/2fcmuea,19,24
http://regated.com/2016/11/possible-assassination-attempt-donald-trump/,19,24
https://twitter.com/PpollingNumbers/status/794592945810898945,19,23
http://bit.ly/2fhElAM,19,23
http://cbsn.ws/2eutTXQ,19,23
http://ctv.news/GDEGrKV,19,22
http://ow.ly/nFxD305P6BA,19,22
https://www.google.com/amp/twitchy.com/brettt-3136/2016/11/05/developing-donald-trump-rushed-off-stage-by-secret-service-in-reno/amp/?client=safari,19,22
http://drudge.tw/2eHCSm2,19,22
https://shar.es/1I5HoC,19,22
http://buff.ly/2e8sBmS,19,22
http://www.infowars.com/fbi-exposes-clinton-pedophile-satanic-network/,19,21
https://www.washingtonpost.com/politics/trump-in-final-stretch-pursues-new-opportunities-to-reach-270-electoral-votes/2016/11/05/eb68215a-a2cd-11e6-a44d-cc2898cfab06_story.html?hpid=hp_hp-top-table-main_election651pm:homepage/story,19,21
http://fxn.ws/2fmleI6,19,21
https://twitter.com/berniesanders/status/794941635931099136,19,21
http://ln.is/truthfeed.com/breaki/YX3kj,19,21
http://ln.is/truthfeed.com/video-/JDayX,19,21
http://bit.ly/2fM3kPG,19,21
https://wikileaks.org/dnc-emails/emailid/7036,19,21
http://ln.is/truthfeed.com/nbc-ab/DDyF0,19,20
http://bit.ly/2em2fsM,19,20
http://reut.rs/2ea7oZq,19,20
http://bit.ly/2fsDnAg,19,20
https://www.instagram.com/p/BMfJsG2DJkM/,19,19
http://www.theblaze.com/news/2016/11/05/wikileaks-emails-john-podesta-says-its-an-understatement-that-chelsea-clinton-is-not-smart/,19,19
http://drudge.tw/2eHCBzH,19,19
https://youtu.be/_sbT3_9dJY4,19,19
https://www.gofundme.com/trumpstar?ssid=793439625&pos=3,19,19
http://trib.al/iOTsCuW,18,25
https://goo.gl/I3hsii,18,23
http://www.usnews.com/opinion/articles/2016-11-04/vote-donald-trump-to-get-rid-of-corruption-in-washington?src=usn_tw,18,23
http://insider.foxnews.com/2016/11/06/judge-jeanine-opening-statement-hillary-clinton-cannot-take-oval-office-white-house,18,22
https://wikileaks.org/podesta-emails/emailid/47436,18,22
http://nyp.st/2esxMwq,18,21
http://bit.ly/2feHuAJ,18,21
http://drudge.tw/2eLLVCo,18,21
http://www.allenbwest.com/michaelcantrell/report-fbi-knew-huma-classified-emails-along,18,21
http://buff.ly/2frfpJz,18,21
https://twitter.com/DineshDSouza/status/794175260597911552,18,20
http://www.allenbwest.com/michele/oh-just-found-hillary-routinely-asked-maid,18,20
http://fxn.ws/2fPqkxg,18,20
https://goo.gl/aXSGAA,18,20
http://pastebin.com/36Q0yKSM,18,20
https://www.washingtonpost.com/news/the-fix/wp/2016/11/05/donald-trump-jr-and-top-aide-retweet-baseless-allegation-of-assassination-attempt/,18,20
http://drudge.tw/2eHNuS1,18,19
http://hillarysamericathebook.com,18,19
https://www.scribd.com/document/330017282/Final-Indiana-Poll,18,19
http://buff.ly/2fhAWlx,18,19
http://www.nationalreview.com/article/441675/clinton-foundation-fbi-investigation-loretta-lynch-obstruction?utm_source=nr&utm_medium=twitter&utm_content=mccarthy&utm_campaign=emails,18,19
http://Infowars.com/election,18,19
http://ln.is/observer.com/2016/11/GBYCg,18,19
http://ow.ly/Rqok305SsyU,18,19
http://trib.al/07fkkcI,18,19
http://fw.to/u3CmEJL,18,19
http://www.thegatewaypundit.com/2016/11/amazing-15000-turn-see-donald-trump-nc-town-6073-video/,18,19
http://www.thegatewaypundit.com/2016/11/uk-bookies-99-last-minute-votes-going-trump/,18,19
https://www.amazon.com/Occult-Hillary-Clinton-James-Harris-ebook/dp/B01MDO5GTD/ref=cm_cr_arp_d_product_top?ie=UTF8,18,18
http://www.youtube.com/watch?v=b_D4uNanyvc&sns=tw,18,18
http://www.bizpacreview.com/2016/11/04/hillary-clintons-niece-comes-trump-selfish-aunt-wants-win-wrong-reasons-408174,18,18
http://www.breitbart.com/2016-presidential-race/2016/11/04/exclusive-childhood-rape-victim-fights-back-tears-hillary-clinton-hurt-child-inside-bad/,18,18
http://www.huffingtonpost.com/jeffrey-sachs/hillary-is-the-candidate_b_9168938.html,18,18
http://bit.ly/2ewKgmz,17,33
http://bit.ly/2fryaOh,17,31
http://ow.ly/B3E8305Qwyd,17,22
http://drudge.tw/2eLJIXT,17,20
https://youtu.be/qpl_D637fgA,17,20
http://www.infowars.com/fail-obama-angry-after-unable-to-silence-unruly-hillary-crowd/,17,20
http://cesrusc.org/election/,17,20
http://bit.ly/2eWFy43,17,19
http://truthfeed.com/video-huma-abedin-supports-and-promotes-sharia-law/27014/,17,19
http://politicalcult.com/clintons-linked-child-thief/,17,19
http://www.allenbwest.com/michaelcantrell/uh-oh-leaked-email-reveals-hillarys-true-feelings-al-gore,17,19
https://goo.gl/39K4QH,17,19
https://www.donaldjtrump.com/press-releases/icymi-trump-the-closer,17,18
http://jwatch.us/PYkvDC,17,18
http://trib.al/GY5SQnJ,17,18
http://fxn.ws/2f1Od3h,17,18
http://drudge.tw/2ebAFmI,17,18
http://drudge.tw/2eLSMfi,17,18
https://youtu.be/vST61W4bGm8,17,18
http://www.yesimright.com/nbc-busted-with-hillary-victory-results-6-days-before-election/,17,18
http://fw.to/gW1XHCW,17,18
http://www.allenbwest.com/matt-palumbo/hilarious-software-hillary-used-wipe-email-server-new-product-shell-hate,17,18
http://bor.com/n/wpvyin,17,18
http://donaldtrumpnews.co/news/donald-trump-rally-breaks-elton-johns-attendance-record-river-city-arena/,17,18
http://www.subjectpolitics.com/mike-pence-police-officer-live-tv-will-make-trump-president/,17,18
https://twitter.com/jaredwyand/status/795089400862343168,17,17
http://buff.ly/2e8qXS2,17,17
http://nyp.st/2ePDkQ5,17,17
http://truthfeed.com/video-blacks-march-against-hillary-dont-vote-for-hillary-shes-killing-black-people/21502/,17,17
https://www.youtube.com/watch?v=aQMUj6ETaNg,17,17
http://www.breitbart.com/2016-presidential-race/2016/11/04/exclusive-breitbartgravis-colorado-poll-clinton-trump-in-40-40-dead-heat/,17,17
http://ln.is/beforeitsnews.com/zrTM5,17,17
http://wikileaks.org,17,17
http://bit.ly/2fqCSZt,17,17
https://twitter.com/wikileaks/status/794247777756860417,17,17
http://on.rt.com/7tyv,16,22
http://dailym.ai/2fR77va,16,21
http://twitchy.com/samj-3930/2016/11/04/its-a-doozy-ben-shapiro-calls-this-the-tweet-of-the-election-poor-hillary-not/,16,20
https://twitter.com/DRUDGE_REPORT/status/794524983858905088,16,20
http://www.washingtonexaminer.com/trump-is-only-chance-to-repeal-obamacare/article/2606562,16,20
http://www.breitbart.com/2016-presidential-race/2016/11/03/210k-in-benghazi-ads-to-run-in-north-carolina-against-hillary-clinton/,16,20
http://www.foxnews.com/politics/2016/11/06/fbi-sends-letter-to-congress-saying-email-review-completed-decision-not-to-prosecute-clinton-stands.html,16,20
https://wikileaks.org/podesta-emails/emailid/48327,16,19
http://www.foxnews.com/politics/2016/11/06/clinton-foundation-admits-it-didnt-notify-state-department-1-million-qatar-gift.html,16,19
http://www.breitbart.com/2016-presidential-race/2016/11/04/guardian-wikileaks-emails-reveals-globalist-elites-run-america-interests/,16,18
https://twitter.com/MichaelCohen212/status/794718821697331200,16,18
http://thefederalistpapers.org/us/fbi-warns-of-terrorism-threat-in-virginia-texas-and-new-york,16,18
http://RobertAriail.com,16,18
http://truthfeed.com/video-homeland-security-chairman-if-hillarys-elected-shell-be-impeached/33766/,16,18
https://archive.is/NJFbK,16,18
http://uplift.com,16,17
http://abcnews.go.com/Politics/wireStory/latest-federal-judge-hears-voter-intimidation-arguments-43302656,16,17
http://trib.al/lNK8rrV,16,17
http://ln.is/truthfeed.com/must-w/ZEq9P,16,17
https://shar.es/1IsxFg,16,17
http://drudge.tw/2eLOHHZ,16,17
https://www.periscope.tv/w/auzXPTFXTEtSbFpBUFhFYkR8MWRqR1hFdlpQWGRKWiOga3LwqdHVLaSlRunEyCqSIRPPsA2KlFvpq_P3lwcI,16,17
http://trib.al/1TCTZMO,16,17
http://fb.me/2ZE5lnu5M,16,17
http://trib.al/CgnVjdr,16,17
http://trib.al/2BJu0fS,16,17
http://drudge.tw/2ebAveU,16,17
http://bit.ly/2fBWxYD,16,17
http://buff.ly/2fc6BEh,16,17
https://twitter.com/wpjenna/status/794690130414026752,16,16
http://bit.ly/2ftn8XL,16,16
https://twitter.com/verywhales/status/795033165404471296,16,16
https://youtu.be/nF0YpXcZw9U,16,16
http://Bikers4Trump.com,16,16
http://trib.al/RpB7OBS,16,16
http://www.allenbwest.com/michele/man-behind-disturbance-reno-trump-rally-identified-hes-registered,15,21
http://www.dailystormer.com/wikileaks-podesta-emails-reveal-possible-links-to-occult-rumors-of-jewish-pedophile-ring/,15,19
https://twitter.com/PizzaPartyBen/status/794485369987182592,15,19
https://twitter.com/i/moments/794325916025356288,15,19
http://trib.al/8G7Rb7H,15,18
https://wikileaks.org/10years/distorted-facts.html,15,18
http://bit.ly/2eHNMYQ,15,18
http://truepundit.com/breaking-the-irs-is-now-looking-into-the-clinton-foundation/,15,18
http://twtwsports.blogspot.com/2016/11/the-twtw-model-final-update.html,15,18
http://on.rt.com/7tv7,15,18
http://www.zerohedge.com/news/2016-11-05/hillary-accepted-qatar-money-without-notifying-government-while-she-was-head-state,15,18
https://foia.state.gov/searchapp/DOCUMENTS/Nov04_2016/F-2016-07895_1-6/DOC_0C06133822/C06133822.pdf,15,18
https://wikileaks.org/podesta-emails/emailid/48397,15,18
https://www.instagram.com/p/BMaD719B7WD/,15,18
https://goo.gl/KEP340,15,17
http://bit.ly/2f7bHnW,15,17
http://fb.me/85UqRe2HT,15,17
http://www.wnd.com/2016/11/wikileaks-fbi-rogue-agents-do-job-of-congress-judges/,15,17
http://drudge.tw/2e9PVAz,15,17
http://drudge.tw/2eack0C,15,17
http://www.foxnews.com/politics/2016/11/04/dems-trying-to-nudge-comey-out-at-fbi-after-clinton-probe-decision.html,15,16
http://sh.st/7XpRb,15,16
https://wikileaks.org/podesta-emails/emailid/51051,15,16
http://freebeacon.com/politics/secretary-state-hillary-asked-weiner-deliver-secure-phone/,15,16
https://twitter.com/wikileaks/status/794430411573264384,15,16
http://washex.am/2ebRFJt,15,16
http://drudge.tw/2eKp9Li,15,16
https://twitter.com/soniafarace/status/794418770957762560,15,16
http://www.chicksontheright.com/confidential-auditors-report-confirms-clinton-foundation-corruption/,15,16
http://6889-presscdn-0-68.pagely.netdna-cdn.com/wp-content/uploads/2016/11/Chelsey-Smith-SOE-Affidavit.pdf,15,16
http://go.shr.lc/2aV5ckK,15,16
https://www.donaldjtrump.com/schedule/register/sterling-heights-mi/,15,16
http://wikileaks.org/podesta-emails/emailid/44793,15,16
http://go.shr.lc/2evOD3M,15,16
http://www.cnn.com/videos/tv/2016/11/02/the-lead-fbi-and-wikileaks-sciutto.cnn,15,16
https://wikileaks.org/podesta-emails/emailid/51875,15,16
http://trib.al/ktYBY4u,15,16
http://trib.al/mRwgIdK,15,16
http://trib.al/bi9p8CE,15,15
https://www.youtube.com/watch?v=VsQeR1HlhHY,15,15
https://twitter.com/zachhaller/status/794637815380201472,15,15
https://twitter.com/politicalwire/status/794722473614909441,15,15
https://goo.gl/JRyINH,15,15
http://politi.co/2fqGFFU,15,15
http://dailym.ai/2fM72Zz,15,15
https://twitter.com/_makada_/status/794680225732800514,15,15
https://www.periscope.tv/w/au4llzFNV0t3ZEJkb01NamJ8MXlwS2RBcnpieWFHV5x8XGsoxbcSFu0yQ4QVD89NNpo2Ry1mzkOZVooOhm1o,15,15
http://drudge.tw/2eHOpSB,15,15
http://on.rt.com/7txi,15,15
http://www.infowars.com/wikileaks-exposes-clintons-satanic-network/,15,15
https://wikileaks.com/podesta-emails/emailid/47135,14,19
http://www.breitbart.com/big-government/2016/11/06/fbi-director-james-comey-no-criminal-charges-hillary-clinton-based-additional-emails/,14,19
http://zpr.io/PtXud,14,19
https://www.reddit.com/r/The_Donald/comments/5b08cy/warning_graphic_i_dont_think_you_guys_appreciate/?st=iv34kvq5&sh=fcc73746,14,17
http://www.allenbwest.com/analytical-economist/black-trump-supporters-chant-four-words-hillary-needs-hear,14,17
http://newsrescue.com/breaking-trump-reno-disrupter-austyn-crites-name-shows-wikileaks-7-times/,14,17
http://wikileaks.org/podesta-emails,14,17
https://twitter.com/dahle44/status/795242226825760768,14,17
http://www.infowars.com/video-trump-slams-stupid-obama-says-hillary-got-away-with-murder/,14,17
http://bit.ly/2edgkxz,14,17
http://fb.me/8qSq6Jp9s,14,17
https://youtu.be/U6N2xS71GFg,14,16
https://www.youtube.com/watch?v=NnLHoqj-XRM,14,16
https://vine.co/v/5D9zZXgBZhb,14,16
https://twitter.com/danpfeiffer/status/795009065072160768,14,16
https://twitter.com/foxnews/status/794732783809794048,14,16
http://washingtonexaminer.com/article/2606358,14,16
https://shar.es/1IcKs2,14,16
http://trib.al/ViMXU9I,14,16
http://fxn.ws/2eM9tqW,14,15
http://ow.ly/aPS7305Sk8Y,14,15
http://trib.al/FqoKE25,14,15
https://twitter.com/davidcorndc/status/794643052845559808,14,15
http://www.breitbart.com/2016-presidential-race/2016/11/05/rained-hoarse-hillary-clinton-cuts-rally-short-due-florida-storm/,14,15
http://buff.ly/2ez0wUd,14,15
https://sputniknews.com/politics/201611061047114688-mainstream-media-discredit-assange/,14,15
http://www.deseretnews.com/article/865666429/New-poll-shows-voter-uncertainty-about-Trump-lead-in-Utah.html,14,15
http://truthfeed.com/breaking-ice-agents-warn-hillarys-immigration-plan-will-unleash-cartels-gangs-drugs/33987/,14,15
http://www.reviewjournal.com/opinion/columns/wayne-allyn-root/it-s-trump-or-it-s-the-end-america,14,15
https://m.reddit.com/r/The_Donald/comments/5b0vnx/updated_now_withe_more_spice_hillary_clinton_and/d9ky010?compact=true,14,15
https://wikileaks.org/podesta-emails/emailid/46164,14,15
https://goo.gl/0reeqY,14,15
http://fb.me/8iV98wLKL,14,15
https://www.youtube.com/watch?v=lJASTexUOxU,14,15
http://www.nysun.com/editorials/donald-trumps-optimism/89785/,14,14
http://bit.ly/2dnTqCe,14,14
https://wp.me/p6uZrJ-8M1/,14,14
https://shar.es/1IvcvZ,14,14
http://bit.ly/2fm8i1c,13,18
http://Infowars.com/elections,13,17
http://truthfeed.com/trumps-path-to-270-electoral-votes-has-expanded-immensely/33678/,13,17
http://youtu.be/BAw9YnCBR9o?a,13,16
http://fb.me/10j7Mc5sa,13,16
http://www.breitbart.com/2016-presidential-race/2016/11/04/trump-and-clinton-statistically-tied-in-new-mexico/,13,15
http://thecount.com/2016/11/05/is-austyn-crites-a-hillary-supporter-reno-trump-rally/,13,15
https://twitter.com/DRUDGE_REPORT/status/794722303510650880,13,15
http://bit.ly/2fM8nQ2,13,15
https://twitter.com/wikileaks/status/794722847776272384,13,15
http://drudge.tw/2eMUYDp,13,15
http://www.thegatewaypundit.com/2016/11/dueling-nc-rallies-trump-draws-four-times-many-supporters-clinton-sanders-pharrell-rally/,13,15
https://youtu.be/UNB6QHdbGoo,13,15
http://www.breitbart.com/2016-presidential-race/2016/11/05/seven-state-sunday-trumps-marathon-include-minnesota/,13,15
http://www.americasfreedomfighters.com/2016/11/04/anonymous-mother-lode-hillary/,13,15
http://truthfeed.com/breaking-obama-to-the-american-people-just-shut-up-and-vote-for-hillary/34306/,13,14
https://www.periscope.tv/w/aurAoDF4ZUtXeEdWcnJhalB8MWVhS2JsUll5cnFKWIDdFAHMVXqN3IALZxSIYUmwHIT3c-8C76zR9kHOdsxR,13,14
http://zpr.io/PtX4M,13,14
http://www.grrrgraphics.com,12,24
http://heat.st/1XFjUyT,12,15
http://trib.al/IcEECm4,12,15
http://www.cbsnews.com/news/clinton-trump-even-in-ohio-and-florida-two-days-before-election-cbs-poll/,12,15
http://HRCOFFICE.COM,12,14
http://shr.gs/8ohxd3U,12,14
http://www.infowars.com/democrats-voting-trump-in-droves/,12,14
http://fxn.ws/2enDeND,12,14
http://theconservativetreehouse.com/2016/11/04/massive-donald-trump-rally-hershey-pennsylvania-700pm-live-stream,12,14
http://hill.cm/WR9XEKy,12,14
http://fxn.ws/2fisftD,12,14
https://youtu.be/h0noDfSYSk4,12,13
http://zpr.io/PtpGt,11,14
http://trib.al/Yr6hBZW,11,14
http://BorderWallBricks.com,11,14
https://wikileaks.org/podesta-emails/emailid/43593,11,13
https://youtu.be/3EsJLNGVJ7E,11,13
http://bit.ly/2edIecB,11,13
https://www.conservativereview.com/commentary/2016/09/jihad-strikes-in-minnesota-in-the-heart-of-refugee-country,11,12
https://counterjihadreport.com/2016/04/15/minnesota-mosque-producing-radical-somali-terrorists/,11,12
http://drudge.tw/2edG2So,11,12
http://www.allenbwest.com/michaelcantrell/whoa-new-york-times-writer-admits-trump-right,11,12
https://wikileaks.org/podesta-emails/emailid/3774,11,12
http://minnesota.publicradio.org/projects/ongoing/somali_timeline/missing_men2,11,12
http://www.nytimes.com/2016/06/04/us/somali-americans-verdict-minneapolis-isis.html,11,12
http://drudge.tw/2ec8fJc,11,11
http://bit.ly/2fhESEY,11,11
http://politi.co/2eCzco9,10,13
https://newrepublic.com/article/137798/important-wikileaks-revelation-isnt-hillary-clinton,10,12
http://www.infowars.com/media-coverup-hillary-cant-fill-cleveland-arena-with-lebron-james/,10,12
http://bit.ly/2eamVsh,10,11
http://trib.al/OR12WTU,10,11
http://bit.ly/2focpeA,10,11
https://twitter.com/PrisonPlanet/status/795368108366110721,10,10
http://trib.al/19QDWmJ,9,10
http://trib.al/sqmMgL9,9,10
http://fxn.ws/2fKW5HB,9,10
http://bit.ly/2fRyOUt,9,9
http://bit.ly/2eDnzNx,9,9
http://trib.al/a9W3dcw,8,10
http://www.theblaze.com/news/2016/11/06/rnc-chairman-reince-priebus-if-donald-trump-wins-michigan-then-its-all-over-for-clinton/,8,10
http://www.zerohedge.com/news/2016-11-06/paul-ryan-issues-statement-fbi-decision-endorses-trump,8,10
https://www.youtube.com/watch?v=vIvK55k13OA,7,56
http://www.latimes.com/politics/la-na-pol-clinton-closing-argument-20161103-story.html,7,53
http://www.dailymail.co.uk/news/article-3902066/Ex-British-Army-chief-Lord-Richards-endorses-DONALD-TRUMP-White-House-claims-make-world-safer-place.html,7,46
http://www.foxnews.com/politics/2016/11/03/fox-news-electoral-scorecard-key-states-tilting-toward-trump-after-fbis-october-surprise.html,7,32
